epoch,accuracy,auc,learning_rate,loss,precision,recall,top3_accuracy,val_accuracy,val_auc,val_loss,val_precision,val_recall,val_top3_accuracy
0,0.25,0.2708333432674408,9.999999747378752e-06,1.3854398727416992,0.25,0.25,1.0,0.0,0.0,1.2097978591918945,0.0,0.0,1.0
0,0.75,0.6527777314186096,9.999999747378752e-06,0.7407010197639465,0.75,0.75,1.0,1.0,1.0,0.28708797693252563,1.0,1.0,1.0
0,1.0,0.944444477558136,9.999999747378752e-06,0.4729456901550293,1.0,1.0,1.0,1.0,1.0,0.5512747764587402,1.0,1.0,1.0
0,0.8333333134651184,0.8611111640930176,9.999999747378752e-06,0.5050526857376099,0.8333333134651184,0.8333333134651184,1.0,1.0,1.0,0.38716647028923035,1.0,1.0,1.0
0,0.5,0.625,9.999999747378752e-06,0.6708851456642151,0.5,0.5,1.0,0.25,0.46875,0.6812632083892822,0.25,0.25,1.0
0,0.5833333134651184,0.6180555820465088,9.999999747378752e-06,0.718394935131073,0.5833333134651184,0.5833333134651184,1.0,0.0,0.0,1.1389102935791016,0.0,0.0,1.0
0,0.5833333134651184,0.6319444179534912,9.999999747378752e-06,0.8252739906311035,0.5833333134651184,0.5833333134651184,1.0,1.0,1.0,0.5013396143913269,1.0,1.0,1.0
0,0.6666666865348816,0.5277777910232544,9.999999747378752e-06,1.1561551094055176,0.6666666865348816,0.6666666865348816,1.0,1.0,1.0,0.6595262289047241,1.0,1.0,1.0
